{
  "priority": 10,
  "condition": {
    "biomes": [
      "minecraft:deep_dark"
    ],
    "dimensions": [
      "minecraft:overworld"
    ],
    "elevation": {
      "min_inclusive": -56,
      "max_inclusive": 0
    },
    "time": {
      "min_inclusive": 0,
      "max_inclusive": 24000
    }
  },
  "color": 336425,
  "sky_color": 336425,
  "fog_start": {
    "operation": "set_exact",
    "value": -32
  },
  "fog_end": {
    "operation": "set_exact",
    "value": 64
  }
}